City_ID,City,Country,Lat,Lng,Max Temp,Humidity,Cloudiness,Wind Speed,Current Description
0,Araouane,ML,18.9048,-3.5265,92.41,8,12,9.73,few clouds
1,Saskylakh,RU,71.9167,114.0833,0.36,95,100,11.77,overcast clouds
2,Mataura,NZ,-46.1927,168.8643,55.54,97,100,0.89,overcast clouds
3,Constitucion,CL,-35.3333,-72.4167,64.44,57,0,16.64,clear sky
4,Itacoatiara,BR,-3.1431,-58.4442,80.2,87,100,3.44,light rain
5,Georgetown,MY,5.4112,100.3354,83.95,87,40,2.3,scattered clouds
6,Caravelas,BR,-17.7125,-39.2481,83.07,66,78,8.43,broken clouds
7,Son La,VN,21.3167,103.9,62.26,95,95,3.4,overcast clouds
8,Bluff,NZ,-46.6,168.3333,59.5,81,100,4.29,overcast clouds
9,Dikson,RU,73.5069,80.5464,-15.21,100,90,3.96,overcast clouds
10,Mao,ES,39.8885,4.2658,57.76,82,0,1.14,clear sky
11,Rikitea,PF,-23.1203,-134.9692,77.86,72,17,6.93,few clouds
12,Bhavnagar,IN,21.7667,72.15,87.44,30,0,10.69,clear sky
13,Tasiilaq,GL,65.6145,-37.6368,26.76,84,100,4.09,overcast clouds
14,Leningradskiy,RU,69.3833,178.4167,-18.36,98,39,3.78,scattered clouds
15,Esperance,AU,-33.8667,121.9,62.44,79,98,10.07,overcast clouds
16,Boleslawiec,PL,51.2642,15.5697,57.02,73,0,7.16,clear sky
17,Lompoc,US,34.6391,-120.4579,59.85,82,75,18.41,broken clouds
18,Antalaha,MG,-14.9003,50.2788,75.2,89,51,2.91,broken clouds
19,Hermanus,ZA,-34.4187,19.2345,63.81,69,97,12.03,overcast clouds
20,Chuy,UY,-33.6971,-53.4616,76.69,44,0,8.79,clear sky
21,Meulaboh,ID,4.1363,96.1285,77.59,84,41,2.93,scattered clouds
22,Saint George,US,37.1041,-113.5841,72.19,26,20,10.0,few clouds
23,Namwala,ZM,-15.7504,26.4384,67.53,93,71,6.31,broken clouds
24,Ushuaia,AR,-54.8,-68.3,47.86,61,40,14.97,scattered clouds
25,Ahipara,NZ,-35.1667,173.1667,61.75,87,4,6.58,clear sky
26,Salalah,OM,17.0151,54.0924,80.69,57,0,2.3,clear sky
27,Koutsouras,GR,35.0339,25.9469,60.12,73,100,4.12,overcast clouds
28,Necochea,AR,-38.5473,-58.7368,78.87,42,0,16.46,clear sky
29,Qaanaaq,GL,77.484,-69.3632,8.85,92,100,1.14,overcast clouds
30,Hilo,US,19.7297,-155.09,76.62,71,75,5.75,broken clouds
31,Den Helder,NL,52.9599,4.7593,46.94,92,100,11.99,mist
32,Oktyabrskoye,RU,43.0645,44.7417,21.34,93,18,6.71,few clouds
33,Guiratinga,BR,-16.3494,-53.7583,85.84,58,60,6.17,broken clouds
34,Walvis Bay,NA,-22.9575,14.5053,64.09,74,44,4.0,scattered clouds
35,Sao Filipe,CV,14.8961,-24.4956,71.28,77,100,12.86,overcast clouds
36,Boyuibe,BO,-20.4167,-63.2833,90.28,34,1,9.01,clear sky
37,Lebu,CL,-37.6167,-73.65,61.52,68,44,8.16,scattered clouds
38,Volga,RU,57.9516,38.3879,32.61,95,100,11.3,light snow
39,Pulandian,CN,39.3953,121.9669,39.88,55,10,11.23,clear sky
40,The Valley,AI,18.217,-63.0578,84.06,65,20,13.8,few clouds
41,Busselton,AU,-33.65,115.3333,63.09,78,100,14.85,overcast clouds
42,Terrace,CA,54.5163,-128.6035,42.71,70,75,6.91,broken clouds
43,Boyolangu,ID,-8.1181,111.8935,74.3,93,98,2.06,overcast clouds
44,Khatanga,RU,71.9667,102.5,-3.14,98,100,11.77,light snow
45,Hami,CN,42.8,93.45,47.53,31,71,6.42,broken clouds
46,Abbeville,FR,50.1,1.8333,58.5,65,100,7.05,overcast clouds
47,Port Lincoln,AU,-34.7333,135.8667,61.72,88,21,4.76,few clouds
48,Barrow,US,71.2906,-156.7887,-2.18,71,0,19.57,haze
49,Ossora,RU,59.2353,163.0719,26.83,98,99,6.64,light snow
50,East London,ZA,-33.0153,27.9116,83.34,65,0,5.75,clear sky
51,Kapaa,US,22.0752,-159.319,75.47,81,40,4.61,scattered clouds
52,Itarema,BR,-2.9248,-39.9167,74.19,94,100,11.36,overcast clouds
53,Geraldton,AU,-28.7667,114.6,72.01,88,100,11.5,overcast clouds
54,Albany,US,42.6001,-73.9662,25.03,42,100,4.0,overcast clouds
55,Bengkulu,ID,-3.8004,102.2655,74.34,84,4,6.42,clear sky
56,Flinders,AU,-34.5833,150.8552,68.18,93,100,5.99,moderate rain
57,Hobart,AU,-42.8794,147.3294,57.25,81,100,4.61,overcast clouds
58,Daru,PG,-9.0763,143.2092,76.39,91,97,9.01,overcast clouds
59,Prince Rupert,CA,54.3161,-130.3201,42.89,81,0,5.75,clear sky
60,Xicotencatl,MX,23.0167,-98.8833,84.47,30,0,12.55,clear sky
61,Aliaga,PH,15.5167,120.8667,75.22,84,53,1.97,broken clouds
62,Havre-Saint-Pierre,CA,50.2334,-63.5986,32.36,93,100,4.61,overcast clouds
63,Thompson,CA,55.7435,-97.8558,17.76,53,100,5.75,overcast clouds
64,Norman Wells,CA,65.282,-126.8329,5.04,72,75,0.0,light snow
65,Saint-Pierre,RE,-21.3393,55.4781,78.48,83,100,4.61,overcast clouds
66,Jutai,BR,-5.1833,-68.9,80.85,79,100,2.89,overcast clouds
67,Puerto Ayora,EC,-0.7393,-90.3518,85.96,72,100,12.41,overcast clouds
68,Severo-Kurilsk,RU,50.6789,156.125,28.45,88,99,42.12,light snow
69,Zyryanka,RU,65.75,150.85,-20.24,100,100,1.97,overcast clouds
70,Saint-Philippe,RE,-21.3585,55.7679,78.39,79,48,3.44,scattered clouds
71,Longyearbyen,SJ,78.2186,15.6401,10.24,67,20,11.5,few clouds
72,Dingle,PH,10.9995,122.6711,77.04,89,100,7.83,overcast clouds
73,Luganville,VU,-15.5333,167.1667,77.76,85,88,4.88,overcast clouds
74,Vaini,TO,-21.2,-175.2,77.16,94,75,10.36,broken clouds
75,Seoul,KR,37.5683,126.9778,36.84,68,0,6.91,clear sky
76,Arraial Do Cabo,BR,-22.9661,-42.0278,82.36,78,40,11.5,scattered clouds
77,Stornoway,GB,58.2093,-6.3865,49.93,82,20,4.61,few clouds
78,Bemidji,US,47.4736,-94.8803,34.56,28,0,10.36,clear sky
79,Galveston,US,29.3669,-94.9669,83.08,60,40,14.97,scattered clouds
80,Samarai,PG,-10.6167,150.6667,81.01,79,100,7.83,overcast clouds
81,Namibe,AO,-15.1961,12.1522,72.41,70,12,11.25,few clouds
82,Jamestown,US,42.097,-79.2353,19.02,61,100,23.02,overcast clouds
83,Tarbolton,GB,55.5129,-4.4865,56.08,76,20,3.44,few clouds
84,Ballina,AU,-28.8667,153.5667,68.02,96,75,12.66,moderate rain
85,Marshall,US,34.3834,-86.3333,64.33,32,0,6.91,clear sky
86,Beringovskiy,RU,63.05,179.3167,-7.15,96,100,4.54,overcast clouds
87,Kinsale,IE,51.7075,-8.5306,52.97,71,75,5.75,broken clouds
88,Omboue,GA,-1.5746,9.2618,77.95,87,100,6.91,light rain
89,Mutis,CO,6.2262,-77.4044,80.74,84,100,4.56,light rain
90,Cape Town,ZA,-33.9258,18.4232,67.26,64,20,13.8,few clouds
91,Iqaluit,CA,63.7506,-68.5145,13.73,85,75,0.0,broken clouds
92,Faya,SA,18.3851,42.4509,64.51,43,3,4.23,clear sky
93,Butaritari,KI,3.0707,172.7902,80.87,71,48,12.71,scattered clouds
94,Flin Flon,CA,54.7682,-101.865,21.04,53,100,5.75,overcast clouds
95,Ayagoz,KZ,47.9714,80.4392,30.83,98,100,6.33,overcast clouds
96,Nanakuli,US,21.3906,-158.1547,76.44,78,0,0.0,clear sky
97,New Norfolk,AU,-42.7826,147.0587,56.91,73,97,1.32,overcast clouds
98,Pizarro,CO,4.9533,-77.366,81.97,75,100,5.61,overcast clouds
99,Vestmanna,FO,62.1564,-7.1664,32.92,93,100,2.3,light snow
100,Timmins,CA,48.4669,-81.3331,13.82,41,20,12.66,few clouds
101,Chokurdakh,RU,70.6333,147.9167,-15.09,100,78,5.61,broken clouds
102,Asau,RO,46.4333,26.4,49.28,62,0,6.85,clear sky
103,Seymchan,RU,62.8833,152.4333,-3.46,93,100,5.57,overcast clouds
104,Qazanbulaq,AZ,40.6192,46.6519,41.9,49,3,4.97,clear sky
105,Narsaq,GL,60.9167,-46.05,35.78,70,51,3.67,broken clouds
106,Ikalamavony,MG,-21.15,46.5833,68.68,87,72,10.92,broken clouds
107,Cururupu,BR,-1.8283,-44.8683,77.58,94,100,3.27,moderate rain
108,Victoria,HK,22.2855,114.1577,65.25,86,99,8.99,overcast clouds
109,Lorengau,PG,-2.0226,147.2712,80.58,82,100,8.99,overcast clouds
110,Punta Arenas,CL,-53.15,-70.9167,48.22,81,100,6.91,shower rain
111,Castro,BR,-24.7911,-50.0119,78.12,56,19,2.17,few clouds
112,Mahebourg,MU,-20.4081,57.7,79.09,83,40,1.14,scattered clouds
113,Huilong,CN,31.8111,121.655,45.93,68,0,8.37,clear sky
114,Aklavik,CA,68.2191,-135.0107,-8.54,96,100,1.9,overcast clouds
115,Margate,GB,51.3813,1.3862,50.31,88,100,1.99,light rain
116,Nikolskoye,RU,59.7035,30.7861,28.71,90,55,9.44,broken clouds
117,Aosta,IT,45.7667,7.4167,37.56,48,36,3.11,scattered clouds
118,Vanimo,PG,-2.6741,141.3028,77.02,90,100,6.53,overcast clouds
119,Lamu,KE,-2.2717,40.902,84.42,85,2,9.93,clear sky
120,Hasaki,JP,35.7333,140.8333,48.6,54,100,13.35,overcast clouds
121,Varhaug,NO,58.6147,5.6457,40.89,70,100,20.18,overcast clouds
122,Nantucket,US,41.2835,-70.0995,35.71,38,75,23.02,broken clouds
123,Lindi,TZ,-10.0,39.7167,74.79,96,29,3.83,light rain
124,Zyryanskoye,RU,56.8306,86.6258,9.41,96,67,4.88,broken clouds
125,Tuktoyaktuk,CA,69.4541,-133.0374,-14.8,76,0,10.36,clear sky
126,Bonthe,SL,7.5264,-12.505,80.71,65,35,10.13,scattered clouds
127,Atuona,PF,-9.8,-139.0333,79.02,77,100,16.58,overcast clouds
128,Pinheiro Machado,BR,-31.5783,-53.3811,78.06,52,0,4.45,clear sky
129,Ribeira Grande,PT,38.5167,-28.7,63.0,77,20,10.36,few clouds
130,Hithadhoo,MV,-0.6,73.0833,81.7,64,60,5.12,broken clouds
131,Carballo,ES,43.213,-8.691,63.82,92,100,2.59,overcast clouds
132,Ginir,ET,7.1333,40.7,63.03,30,18,5.79,few clouds
133,Fuerte Olimpo,PY,-21.0415,-57.8738,99.28,31,6,1.66,clear sky
134,Nuqui,CO,5.7125,-77.2708,81.97,79,100,5.82,light rain
135,Amiens,FR,49.9,2.3,59.04,60,100,6.8,overcast clouds
136,Mujiayingzi,CN,42.1167,118.7833,44.51,47,100,18.48,overcast clouds
137,Arona,ES,28.0996,-16.681,64.81,67,20,23.02,few clouds
138,Dodge City,US,37.7528,-100.0171,64.26,42,0,5.99,clear sky
139,Ponta Do Sol,PT,32.6667,-17.1,67.06,78,59,5.53,broken clouds
140,Tuatapere,NZ,-46.1333,167.6833,56.07,94,97,1.99,overcast clouds
141,Avarua,CK,-21.2078,-159.775,80.65,89,40,6.91,scattered clouds
142,Mar Del Plata,AR,-38.0023,-57.5575,80.62,85,20,17.0,few clouds
143,Luderitz,NA,-26.6481,15.1594,61.63,86,2,2.68,clear sky
144,Liku,ID,-0.7275,119.8922,74.43,88,98,2.35,overcast clouds
145,Harper,LR,4.375,-7.7169,81.27,84,100,2.98,overcast clouds
146,Praia Da Vitoria,PT,38.7333,-27.0667,64.76,82,20,8.32,few clouds
147,Kupang,ID,-10.1667,123.5833,77.81,84,100,1.01,overcast clouds
148,Octeville,FR,49.6261,-1.6435,54.09,71,100,4.61,overcast clouds
149,Crnici,BA,43.1289,17.8667,55.18,58,0,6.91,clear sky
150,Alice Springs,AU,-23.7,133.8833,69.22,32,0,4.61,clear sky
151,Port Alfred,ZA,-33.5906,26.891,84.18,46,87,1.01,overcast clouds
152,Beyneu,KZ,45.3167,55.2,31.98,65,11,24.56,few clouds
153,Karabulak,RU,43.3036,44.8964,23.99,78,20,3.71,few clouds
154,Guerrero Negro,MX,27.9769,-114.0611,69.24,47,100,9.06,overcast clouds
155,Bousse,BF,12.6606,-1.8922,91.33,6,0,9.86,clear sky
156,Kruisfontein,ZA,-34.0033,24.7314,70.88,74,100,11.97,overcast clouds
157,Manadhoo,MV,5.7667,73.3833,82.81,70,0,1.68,clear sky
158,Poum,NC,-20.2333,164.0167,80.67,80,100,19.39,overcast clouds
159,Tiznit,MA,29.5833,-9.5,62.67,69,54,4.63,broken clouds
160,Ust-Ilimsk,RU,58.0006,102.6619,6.53,99,98,3.8,overcast clouds
161,Mackay,AU,-21.15,149.2,69.78,94,6,5.75,clear sky
162,Kaitangata,NZ,-46.2817,169.8464,55.2,96,100,0.81,overcast clouds
163,Matay,EG,28.419,30.7792,64.78,30,1,16.93,clear sky
164,Fujinomiya,JP,35.2167,138.6167,49.59,89,99,3.98,overcast clouds
165,Bambous Virieux,MU,-20.3428,57.7575,79.05,83,40,1.14,scattered clouds
166,Te Anau,NZ,-45.4167,167.7167,52.16,94,99,0.87,overcast clouds
167,Riyadh,SA,24.6877,46.7219,66.34,16,0,9.13,clear sky
168,Roma,US,43.2128,-75.4557,21.09,66,100,24.16,overcast clouds
169,Ostrovnoy,RU,68.0531,39.5131,22.66,79,100,18.54,light snow
170,Bethel,US,41.3712,-73.414,30.02,47,100,17.0,overcast clouds
171,Isangel,VU,-19.55,169.2667,78.06,86,98,7.67,overcast clouds
172,Kenora,CA,49.8167,-94.4337,25.77,28,40,9.22,scattered clouds
173,Samana,DO,19.2056,-69.3369,80.82,83,75,4.61,broken clouds
174,Coihaique,CL,-45.5752,-72.0662,47.01,87,100,12.66,light intensity shower rain
175,Tiarei,PF,-17.5333,-149.3333,84.22,76,100,16.6,overcast clouds
176,Muravlenko,RU,63.7898,74.523,21.63,93,100,16.17,overcast clouds
177,Petropavlovsk-Kamchatskiy,RU,53.0452,158.6483,27.19,80,75,6.71,broken clouds
178,Portland,US,45.5234,-122.6762,61.84,76,75,6.91,broken clouds
179,Sao Desiderio,BR,-12.3633,-44.9733,87.06,48,100,4.14,overcast clouds
180,Pangkalanbuun,ID,-2.6833,111.6167,73.87,97,38,2.53,light rain
181,Miyako,JP,39.6367,141.9525,32.22,74,9,5.7,clear sky
182,Port Macquarie,AU,-31.4333,152.9167,67.89,100,75,1.14,light rain
183,Pilar,BR,-9.5972,-35.9567,82.33,65,84,8.61,broken clouds
184,Polessk,RU,54.862,21.1028,42.85,82,17,23.53,few clouds
185,Broome,US,42.2506,-75.833,22.66,53,100,17.27,overcast clouds
186,San Patricio,US,28.017,-97.5169,85.15,46,3,20.09,clear sky
187,Codrington,AU,-38.2667,141.9667,60.04,70,96,6.46,overcast clouds
188,Port Elizabeth,ZA,-33.918,25.5701,74.1,63,0,18.41,clear sky
189,Bosaso,SO,11.2842,49.1816,78.64,64,3,1.19,clear sky
190,Airai,TL,-8.9266,125.4092,59.43,94,72,0.72,broken clouds
191,Balabac,PH,7.9868,117.0645,78.35,85,97,7.63,light rain
192,Klaksvik,FO,62.2266,-6.589,34.72,89,100,11.05,light snow
193,Dorogino,RU,54.3598,83.3198,29.01,96,100,8.19,overcast clouds
194,Souillac,MU,-20.5167,57.5167,79.18,83,40,1.14,scattered clouds
195,Verkhnevilyuysk,RU,63.4453,120.3167,6.24,98,100,2.91,overcast clouds
196,Ilanskiy,RU,56.2358,96.065,13.78,94,100,1.74,overcast clouds
197,Vila Franca Do Campo,PT,37.7167,-25.4333,63.01,77,0,8.86,clear sky
198,Kuching,MY,1.55,110.3333,77.22,94,20,3.0,few clouds
199,Saldanha,ZA,-33.0117,17.9442,60.85,87,100,12.33,overcast clouds
200,Alyangula,AU,-13.8483,136.4192,69.67,94,57,0.0,broken clouds
201,Komsomolskiy,UZ,40.4272,71.7189,50.72,76,100,6.91,overcast clouds
202,Port Keats,AU,-14.25,129.55,80.22,83,55,5.1,broken clouds
203,Morondava,MG,-20.2833,44.2833,81.28,78,16,6.31,light rain
204,Lata,PT,40.1629,-8.3327,59.47,62,100,5.12,overcast clouds
205,Hualmay,PE,-11.0964,-77.6139,74.97,74,100,11.52,overcast clouds
206,Tiksi,RU,71.6872,128.8694,-17.05,100,88,5.26,overcast clouds
207,Bathsheba,BB,13.2167,-59.5167,84.81,65,40,20.71,scattered clouds
208,Bayanday,RU,53.0661,105.5139,-3.96,99,44,0.38,scattered clouds
209,Bredasdorp,ZA,-34.5322,20.0403,69.24,57,100,4.07,overcast clouds
210,Xiangxiang,CN,27.7333,112.5333,55.6,89,100,2.08,overcast clouds
211,Mercedes,AR,-34.6515,-59.4307,81.86,30,4,14.29,clear sky
212,Cabedelo,BR,-6.9811,-34.8339,86.67,73,28,12.55,scattered clouds
213,Berlevag,NO,70.8578,29.0864,24.6,60,100,21.88,light snow
214,Thinadhoo,MV,0.5333,72.9333,81.72,62,5,3.04,clear sky
215,Palauig,PH,15.435,119.9045,80.47,72,22,4.81,few clouds
216,Opuwo,NA,-18.0607,13.84,72.97,43,15,5.23,few clouds
217,Miri,MY,4.4148,114.0089,77.14,94,40,2.3,scattered clouds
218,Tautira,PF,-17.7333,-149.15,81.37,75,99,15.61,overcast clouds
219,Vila,PT,42.0304,-8.1588,54.48,92,100,3.62,overcast clouds
220,Jalu,LY,29.0331,21.5482,69.98,14,26,9.91,scattered clouds
221,Jumla,NP,29.2747,82.1838,48.25,52,0,3.4,clear sky
222,Magole,TZ,-6.3667,37.3667,72.63,90,12,0.72,few clouds
223,Yellowknife,CA,62.456,-114.3525,18.41,75,75,3.44,light snow
224,Cootamundra,AU,-34.65,148.0333,61.43,78,100,6.11,moderate rain
225,Fayaoue,NC,-20.65,166.5333,80.06,78,97,17.52,overcast clouds
226,Mayumba,GA,-3.432,10.6554,76.17,95,100,5.82,heavy intensity rain
227,Comodoro Rivadavia,AR,-45.8667,-67.5,69.66,21,40,25.32,scattered clouds
228,Turukhansk,RU,65.8167,87.9833,9.39,93,100,8.93,overcast clouds
229,Ilulissat,GL,69.2167,-51.1,34.92,74,10,7.25,clear sky
230,Darhan,MN,49.4867,105.9228,21.63,56,8,3.04,clear sky
231,Cidreira,BR,-30.1811,-50.2056,74.53,61,0,8.61,clear sky
232,Torrevieja,ES,37.9787,-0.6822,59.5,76,100,8.01,overcast clouds
233,Price,US,39.5994,-110.8107,58.12,22,100,9.33,overcast clouds
234,Vestmannaeyjar,IS,63.4427,-20.2734,38.39,81,100,33.38,overcast clouds
235,Malakal,SS,9.5334,31.6605,89.4,14,97,5.01,overcast clouds
236,Ixtapa,MX,20.7,-105.2,91.18,22,9,8.57,clear sky
237,Carson City,US,39.1638,-119.7674,54.73,41,0,4.0,clear sky
238,Provideniya,RU,64.3833,-173.3,7.38,83,11,5.53,few clouds
239,Sao Joao Da Barra,BR,-21.6403,-41.0511,89.69,79,50,11.54,scattered clouds
240,Tiradentes,BR,-21.1103,-44.1781,63.01,72,88,1.5,overcast clouds
241,Mabaruma,GY,8.2,-59.7833,84.18,57,100,8.5,overcast clouds
242,Faanui,PF,-16.4833,-151.75,82.17,72,79,13.87,broken clouds
243,Rocha,UY,-34.4833,-54.3333,81.99,32,0,6.87,clear sky
244,Coahuayana,MX,18.7333,-103.6833,89.28,33,22,7.99,few clouds
245,Anaconda,US,46.1285,-112.9423,55.99,45,100,3.62,overcast clouds
246,Oliver,CA,49.1831,-119.5524,55.31,62,92,4.61,overcast clouds
247,Svetlyy,RU,54.675,20.1347,42.85,82,10,23.2,clear sky
248,Tilichiki,RU,60.4667,166.1,20.89,85,95,33.67,light snow
249,Oranjemund,NA,-28.55,16.4333,63.9,80,0,1.36,clear sky
250,Clyde River,CA,70.4692,-68.5914,1.63,85,40,20.71,scattered clouds
251,Bilibino,RU,68.0546,166.4372,-23.39,97,11,4.94,few clouds
252,Podgornoye,RU,51.735,39.1496,37.62,56,0,15.66,clear sky
253,Arman,RU,59.7,150.1667,13.78,76,100,9.98,overcast clouds
254,Taoudenni,ML,22.6783,-3.9836,97.03,8,100,11.56,overcast clouds
255,Olafsvik,IS,64.8945,-23.7142,33.31,87,100,17.22,light snow
256,Ishigaki,JP,24.3448,124.1572,69.93,100,100,18.41,mist
257,Hervey Bay,AU,-25.2986,152.8535,67.01,88,3,10.0,clear sky
258,Garowe,SO,8.4054,48.4845,75.69,64,6,17.02,clear sky
259,Upernavik,GL,72.7868,-56.1549,25.02,71,100,5.57,overcast clouds
260,Isla Mujeres,MX,21.2311,-86.731,82.17,53,0,15.3,clear sky
261,Northam,GB,51.0333,-4.2167,55.26,79,100,9.93,overcast clouds
262,Acapulco,MX,16.8634,-99.8901,86.95,34,0,9.44,clear sky
263,Roanoke Rapids,US,36.4615,-77.6542,54.01,40,0,14.97,clear sky
264,Kattivakkam,IN,13.2167,80.3167,84.29,89,5,10.67,clear sky
265,Gouvieux,FR,49.1871,2.4144,65.21,50,100,6.13,overcast clouds
266,Simao,CN,22.7886,100.9748,60.57,71,90,2.48,overcast clouds
267,Dunedin,NZ,-45.8742,170.5036,61.81,91,100,3.27,overcast clouds
268,Bandarbeyla,SO,9.4942,50.8122,79.29,74,16,13.89,few clouds
269,Sijunjung,ID,-0.6876,100.9537,70.12,78,0,2.19,clear sky
270,Nome,US,64.5011,-165.4064,15.58,87,86,8.43,overcast clouds
271,Shimanovsk,RU,52.0,127.7,23.9,83,6,8.3,clear sky
272,Casteltermini,IT,37.5405,13.6445,48.83,85,9,0.54,clear sky
273,Talnakh,RU,69.4865,88.3972,-2.42,98,89,8.59,overcast clouds
274,Inhambane,MZ,-23.865,35.3833,73.38,83,20,5.01,few clouds
275,Nhulunbuy,AU,-12.2333,136.7667,77.61,94,97,0.0,overcast clouds
276,Holme,DK,56.1138,10.1725,44.17,75,60,15.77,broken clouds
277,Tecolutla,MX,20.4833,-97.0167,75.49,62,6,13.24,clear sky
278,Yefremov,RU,53.1481,38.0992,38.7,80,100,22.5,overcast clouds
279,Katsuura,JP,35.1333,140.3,52.86,65,100,13.49,overcast clouds
280,Brae,GB,60.3964,-1.353,40.12,64,100,9.01,overcast clouds
281,Sibolga,ID,1.7427,98.7792,74.97,74,11,3.85,few clouds
282,Baiyin,CN,36.5583,104.2081,46.29,30,100,9.66,overcast clouds
283,Brand-Erbisdorf,DE,50.8667,13.3333,52.12,84,38,4.65,scattered clouds
284,Okha,RU,53.5739,142.9478,1.74,99,40,6.71,scattered clouds
285,Olga,RU,43.7444,135.2892,33.82,60,71,5.95,broken clouds
286,Carnarvon,AU,-24.8667,113.6333,73.47,88,75,21.85,light rain
287,Eureka,US,40.8021,-124.1637,61.18,78,100,3.6,overcast clouds
288,Chumikan,RU,54.7183,135.315,5.02,95,59,3.27,broken clouds
289,Kodiak,US,57.79,-152.4072,36.91,100,100,10.36,light rain
290,Valparaiso,CL,-33.0393,-71.6273,64.04,67,0,14.97,clear sky
291,Waipawa,NZ,-41.4122,175.5153,54.59,91,93,1.48,overcast clouds
292,Saint-Georges,GD,12.0564,-61.7485,85.68,62,20,20.71,few clouds
293,Sitka,US,57.0531,-135.33,43.93,59,100,5.17,overcast clouds
294,Mount Gambier,AU,-37.8333,140.7667,49.91,100,100,0.0,fog
295,Nalut,LY,30.3333,10.85,70.57,19,0,9.82,clear sky
296,Emerald,AU,-23.5333,148.1667,68.14,83,1,5.75,clear sky
297,Matagami,CA,49.7502,-77.6328,8.71,72,100,13.8,overcast clouds
298,General Roca,AR,-39.0333,-67.5833,81.63,16,0,12.39,clear sky
299,Marquette,US,46.5333,-87.6335,24.82,52,100,7.74,overcast clouds
300,Steamboat Springs,US,40.485,-106.8317,61.93,29,0,5.75,clear sky
301,Provins,FR,48.5833,3.1667,60.78,54,100,6.02,overcast clouds
302,Mbandaka,CD,0.0487,18.2603,77.16,79,83,4.45,broken clouds
303,Puerto Quijarro,BO,-17.7833,-57.7667,97.63,35,82,1.36,broken clouds
304,Presidencia Roque Saenz Pena,AR,-26.7852,-60.4388,93.78,24,0,9.31,clear sky
305,Puntarenas,CR,9.9763,-84.8384,92.7,36,100,6.91,overcast clouds
306,Cap Malheureux,MU,-19.9842,57.6142,77.47,79,26,3.0,scattered clouds
307,Chicama,PE,-7.8447,-79.1469,70.34,62,89,9.46,overcast clouds
308,Paamiut,GL,61.994,-49.6678,32.36,69,100,4.27,overcast clouds
309,Makakilo City,US,21.3469,-158.0858,77.2,84,100,0.0,overcast clouds
310,Panjab,AF,34.388,67.0233,40.95,38,0,3.71,clear sky
311,Coquimbo,CL,-29.9533,-71.3436,67.15,69,0,8.84,clear sky
312,Rawson,AR,-43.3002,-65.1023,74.82,24,0,21.68,clear sky
313,Sambava,MG,-14.2667,50.1667,77.36,86,9,3.2,clear sky
314,Pinega,RU,64.7001,43.3936,3.06,97,36,3.27,scattered clouds
315,Zhangye,CN,38.9342,100.4517,41.86,51,86,2.37,overcast clouds
316,Bogorodskoye,RU,56.55,37.8833,34.32,95,100,15.08,light snow
317,Halifax,CA,44.6453,-63.5724,46.49,79,40,13.8,scattered clouds
318,Providencia,MX,28.7167,-111.5833,84.2,28,100,12.37,overcast clouds
319,Dawlatabad,AF,36.4141,64.9053,58.05,36,0,4.29,clear sky
320,Pa Sang,TH,18.5262,98.9394,79.0,68,50,2.08,scattered clouds
321,Torbay,CA,47.6666,-52.7314,50.88,70,75,4.0,broken clouds
322,Ondjiva,AO,-17.0667,15.7333,73.99,32,100,2.84,overcast clouds
323,Ganzhou,CN,28.8184,115.4327,53.38,88,0,0.89,clear sky
324,Pietersburg,ZA,-23.9045,29.4688,63.45,72,0,4.61,clear sky
325,Guarapari,BR,-20.6667,-40.4975,82.89,72,99,10.27,overcast clouds
326,Belmonte,BR,-15.8631,-38.8828,82.44,64,100,6.22,overcast clouds
327,Japura,ID,-0.3167,102.35,73.71,97,2,1.48,clear sky
328,Henties Bay,NA,-22.116,14.2845,65.25,76,55,3.49,broken clouds
329,Dongsheng,CN,39.8161,109.9776,44.31,41,100,10.09,light rain
330,Ust-Maya,RU,60.4167,134.5333,-0.18,98,100,1.81,overcast clouds
331,Xiamen,CN,24.4798,118.0819,58.24,94,100,2.24,overcast clouds
332,Mount Isa,AU,-20.7333,139.5,69.57,32,0,8.05,clear sky
333,Rabo De Peixe,PT,37.8,-25.5833,62.11,72,40,9.22,scattered clouds
334,Manado,ID,1.487,124.8455,77.77,94,40,2.3,scattered clouds
335,Payo,ID,-3.7508,103.6372,73.8,90,53,1.32,broken clouds
336,Hurricane,US,37.1753,-113.2899,71.33,23,100,24.49,overcast clouds
337,Shubarkuduk,KZ,49.1447,56.4872,18.39,97,51,6.06,broken clouds
338,Anchorage,US,61.2181,-149.9003,39.87,82,84,5.01,broken clouds
339,Kavaratti,IN,10.5669,72.642,84.33,76,0,13.02,clear sky
340,Luorong,CN,24.4058,109.6086,62.91,82,100,2.44,overcast clouds
341,Yar-Sale,RU,66.8333,70.8333,22.17,95,100,14.83,overcast clouds
342,Nishihara,JP,26.1842,127.7558,66.25,97,100,10.36,overcast clouds
343,Vorontsovka,RU,50.6132,40.3549,37.02,67,99,23.49,overcast clouds
344,Talcahuano,CL,-36.7167,-73.1167,60.44,69,0,9.4,clear sky
345,Kurayoshi,JP,35.4333,133.8167,43.45,62,100,3.87,overcast clouds
346,Kristiansund,NO,63.1115,7.732,35.65,80,75,10.36,broken clouds
347,Pimenta Bueno,BR,-11.6725,-61.1936,82.63,83,100,4.0,overcast clouds
348,Acarau,BR,-2.8856,-40.12,74.25,93,100,14.56,overcast clouds
349,Zagan,PL,51.6176,15.3149,56.68,64,2,5.79,clear sky
350,Lagoa,PT,39.05,-27.9833,59.61,76,6,6.96,clear sky
351,Scarborough,GB,54.2797,-0.4044,49.64,91,100,1.99,overcast clouds
352,Sur,OM,22.5667,59.5289,80.89,49,1,4.92,clear sky
353,Sechura,PE,-5.5569,-80.8222,77.79,65,100,11.32,overcast clouds
354,Hambantota,LK,6.1241,81.1185,77.34,100,40,2.3,scattered clouds
355,Enshi,CN,30.3,109.4833,54.18,80,100,0.81,overcast clouds
356,Kidal,ML,18.4411,1.4078,87.19,6,5,11.34,clear sky
357,Serrana,BR,-21.2114,-47.5956,84.54,56,38,3.2,light rain
358,Campo Maior,BR,-4.8278,-42.1686,83.1,79,50,3.0,moderate rain
359,Sidi Ali,DZ,36.0998,0.4206,62.83,67,100,4.72,overcast clouds
360,Yulara,AU,-25.2406,130.9889,71.44,23,35,8.05,scattered clouds
361,Huarmey,PE,-10.0681,-78.1522,76.53,72,35,12.35,scattered clouds
362,Dire Dawa,ET,9.5931,41.8661,70.3,30,45,8.01,scattered clouds
363,Nouadhibou,MR,20.931,-17.0347,69.78,78,69,11.5,broken clouds
364,San Policarpo,PH,12.1791,125.5072,79.72,85,31,12.35,scattered clouds
365,Suksun,RU,57.1431,57.3949,20.05,93,100,8.52,overcast clouds
366,Fernie,CA,49.5,-115.0687,55.49,90,100,4.88,overcast clouds
367,Nizhniy Kuranakh,RU,58.8353,125.4869,14.83,96,100,4.12,light snow
368,Fare,PF,-16.7,-151.0167,82.04,74,59,15.35,broken clouds
369,Fortuna,US,40.5982,-124.1573,60.91,76,75,4.61,broken clouds
370,San Carlos,VE,9.6612,-68.5827,93.18,35,100,3.2,overcast clouds
371,Pisco,PE,-13.7,-76.2167,78.64,60,16,10.36,few clouds
372,San Cristobal,VE,7.7669,-72.225,83.3,43,100,7.45,overcast clouds
373,Shihezi,CN,44.3,86.0333,44.6,66,2,5.39,clear sky
374,Tarogong,ID,-7.1902,107.8874,72.63,94,100,1.88,overcast clouds
375,Honiara,SB,-9.4333,159.95,77.81,89,100,2.75,overcast clouds
376,Cabo San Lucas,MX,22.8909,-109.9124,87.1,54,1,1.99,clear sky
377,Bireun,ID,5.203,96.7009,79.38,83,22,5.35,few clouds
378,Kenai,US,60.5544,-151.2583,37.02,84,100,20.04,overcast clouds
379,Ghanzi,BW,-21.5667,21.7833,74.53,45,65,9.15,broken clouds
380,Pallisa,UG,1.145,33.7094,67.51,95,100,8.34,heavy intensity rain
381,Hofn,IS,64.2539,-15.2082,33.04,70,100,12.46,overcast clouds
382,Kismayo,SO,-0.3582,42.5454,81.32,77,3,13.67,clear sky
383,Gamba,GA,-2.65,10.0,74.84,97,100,2.73,heavy intensity rain
384,Ulaangom,MN,49.9811,92.0667,12.33,76,16,4.72,few clouds
385,Yokadouma,CM,3.5167,15.05,78.22,23,1,2.42,clear sky
386,Port Blair,IN,11.6667,92.75,80.73,80,47,7.27,scattered clouds
387,Kormilovka,RU,55.0026,74.1028,17.24,98,99,7.14,overcast clouds
388,Egvekinot,RU,66.3167,-179.1667,-6.57,90,13,9.66,few clouds
389,Bud,US,39.447,-86.1758,43.75,41,83,8.57,broken clouds
390,Sinnamary,GF,5.3833,-52.95,80.28,75,99,12.8,overcast clouds
391,Sao Miguel Do Tapuio,BR,-5.5036,-41.3233,84.16,64,99,8.01,overcast clouds
392,Nacozari,MX,25.3366,-108.2574,86.11,19,7,10.78,clear sky
393,Odweyne,SO,9.4092,45.064,73.02,24,99,21.99,overcast clouds
394,Port Said,EG,31.2565,32.2841,60.24,65,0,19.01,clear sky
395,Cabra,ES,37.4725,-4.4421,61.66,66,100,6.35,overcast clouds
396,Haines Junction,CA,60.7522,-137.5108,27.59,83,100,3.89,overcast clouds
397,Ashland,US,40.8167,-82.2665,27.97,59,100,17.96,overcast clouds
398,Prado,BR,-17.3411,-39.2208,82.31,68,54,7.02,broken clouds
399,Pringsewu,ID,-5.3582,104.9744,73.45,96,99,2.73,overcast clouds
400,Aswan,EG,24.0934,32.907,71.62,21,0,11.88,clear sky
401,Ust-Omchug,RU,61.15,149.6333,-6.38,99,100,5.41,overcast clouds
402,Fairbanks,US,64.8378,-147.7164,31.98,50,20,6.91,few clouds
403,Ust-Kut,RU,56.7938,105.7672,7.21,99,95,2.57,overcast clouds
404,Goderich,CA,43.7501,-81.7165,22.91,72,100,23.22,overcast clouds
405,Laguna,US,38.421,-121.4238,58.05,82,100,5.01,overcast clouds
406,Kavieng,PG,-2.5744,150.7967,81.34,78,99,5.77,light rain
407,Gladstone,AU,-23.85,151.25,67.93,83,0,5.75,clear sky
408,Kamenka,RU,51.3223,42.7678,33.21,76,100,21.56,overcast clouds
409,Hornepayne,CA,49.2138,-84.7705,17.87,51,79,9.6,broken clouds
410,Grindavik,IS,63.8424,-22.4338,41.47,75,100,13.8,overcast clouds
411,Tecoanapa,MX,16.5167,-98.75,85.62,46,96,11.03,overcast clouds
412,Antofagasta,CL,-23.65,-70.4,69.22,64,37,10.31,scattered clouds
413,Ambilobe,MG,-13.2,49.05,74.57,94,25,3.47,scattered clouds
414,Am Timan,TD,11.0297,20.2827,88.25,8,10,6.69,clear sky
415,Sola,VU,-13.8833,167.55,82.63,76,100,10.31,overcast clouds
416,Siderno,IT,38.2779,16.302,55.33,88,23,7.83,few clouds
417,Vila Velha,BR,-20.3297,-40.2925,82.94,77,64,8.01,broken clouds
418,High Level,CA,58.5169,-117.136,30.36,89,88,1.79,overcast clouds
419,Tomatlan,MX,19.9333,-105.25,92.62,21,13,9.69,few clouds
420,Kindu,CD,-2.95,25.95,72.09,96,98,1.68,light rain
421,Pevek,RU,69.7008,170.3133,-21.96,94,26,3.22,scattered clouds
422,Abeche,TD,13.8292,20.8324,80.1,8,12,14.81,few clouds
423,San Quintin,MX,30.4833,-115.95,63.32,69,100,8.84,overcast clouds
424,Karak,JO,31.1667,35.75,55.17,30,0,12.55,clear sky
425,Abu Samrah,SY,35.3029,37.1841,53.87,40,0,5.84,clear sky
426,Cintalapa,MX,16.6951,-93.7272,90.95,28,25,4.38,scattered clouds
427,Chifeng,CN,42.2683,118.9636,46.53,44,100,18.01,overcast clouds
428,Novi Pazar,RS,43.1367,20.5122,47.68,86,55,3.67,broken clouds
429,Vardo,NO,70.3705,31.1107,28.51,59,100,22.62,light snow
430,Agadez,NE,19.75,10.25,74.57,5,0,4.34,clear sky
431,Micheweni,TZ,-4.9667,39.8333,82.4,76,96,7.31,overcast clouds
432,Lavrentiya,RU,65.5833,-171.0,-1.53,92,33,4.59,scattered clouds
433,Darab,IR,28.7519,54.5444,60.19,14,0,0.31,clear sky
434,Anadyr,RU,64.75,177.4833,-18.0,75,100,1.99,overcast clouds
435,Erdenet,MN,49.0333,104.0833,16.79,65,13,3.15,few clouds
436,Mantenopolis,BR,-18.8625,-41.1228,82.35,56,49,3.91,scattered clouds
437,Huntsville,US,34.7304,-86.5861,61.29,31,75,9.22,broken clouds
438,Porto Walter,BR,-8.2686,-72.7439,79.9,92,87,4.14,overcast clouds
439,Florianopolis,BR,-27.6146,-48.5012,80.13,69,42,1.01,scattered clouds
440,Shunyi,CN,40.125,116.6453,53.55,43,0,8.99,clear sky
441,Quatre Cocos,MU,-20.2078,57.7625,77.09,74,2,7.07,clear sky
442,Manta,EC,-0.95,-80.7333,82.22,76,56,6.67,broken clouds
443,Inuvik,CA,68.3499,-133.7218,-7.67,94,54,2.64,broken clouds
444,Keshorai Patan,IN,25.3,75.9333,84.56,12,0,6.96,clear sky
445,Guanare,VE,9.0418,-69.7421,96.46,32,100,2.42,overcast clouds
446,Pacific Grove,US,36.6177,-121.9166,62.28,82,100,5.99,overcast clouds
447,Motygino,RU,58.1831,94.7592,-1.14,100,65,2.3,broken clouds
448,Suffolk,US,40.8668,-72.7996,33.01,43,100,21.99,overcast clouds
449,Shirokiy,RU,49.758,129.523,27.23,85,100,4.21,overcast clouds
450,Batyrevo,RU,55.0675,47.6111,22.24,88,100,13.09,overcast clouds
451,Latung,PH,5.5,120.8833,81.95,73,100,4.36,overcast clouds
452,Miramar,US,25.9873,-80.2323,85.03,42,0,9.22,clear sky
453,Kuryk,KZ,43.2,51.65,37.29,50,95,20.8,overcast clouds
454,Milkovo,RU,54.7167,158.6167,22.08,89,100,4.29,overcast clouds
455,Tyazhinskiy,RU,56.116,88.524,20.28,92,95,4.54,overcast clouds
456,La Palma,US,33.8464,-118.0467,61.09,91,100,16.11,light rain
457,Mosquera,CO,4.7059,-74.2302,62.58,73,100,3.04,overcast clouds
458,Yining,CN,29.0361,114.5636,52.25,95,1,3.31,clear sky
459,Valleyview,CA,55.0667,-117.2859,33.69,96,100,3.8,light snow
460,Senador Jose Porfirio,BR,-2.5908,-51.9542,74.32,97,100,0.94,light rain
461,Sapozhok,RU,53.9419,40.6806,36.34,83,100,21.41,light rain
462,Wloszczowa,PL,50.8526,19.9659,54.18,58,0,7.76,clear sky
463,Padang,ID,-0.9492,100.3543,74.98,71,0,4.76,clear sky
464,Yaan,NG,7.3833,8.5667,88.52,9,83,3.22,broken clouds
465,Banting,MY,2.8167,101.5,82.53,95,64,3.42,broken clouds
466,Igrim,RU,63.1906,64.4162,30.51,97,100,6.24,overcast clouds
467,Chapais,CA,49.7834,-74.8492,12.24,79,100,12.19,overcast clouds
468,Aasiaat,GL,68.7098,-52.8699,29.12,82,11,3.29,few clouds
469,Mezen,RU,65.8522,44.24,5.36,96,76,4.99,broken clouds
470,Samarkand,UZ,39.6542,66.9597,45.82,87,15,2.3,few clouds
471,Morant Bay,JM,17.8815,-76.4093,87.71,62,100,16.89,overcast clouds
472,Maldonado,UY,-34.6667,-54.9167,79.23,32,2,6.06,clear sky
473,Sinaloa,MX,25.0,-107.5,92.39,12,0,5.91,clear sky
474,The Pas,CA,53.8251,-101.2541,25.95,72,100,9.84,overcast clouds
475,Mali,GN,12.079,-12.2982,80.24,21,30,3.67,scattered clouds
476,Maragogi,BR,-9.0122,-35.2225,81.79,76,67,10.76,broken clouds
477,Puerto Escondido,MX,15.85,-97.0667,87.87,45,43,8.75,scattered clouds
478,Kurchum,KZ,48.5722,83.6542,25.21,82,56,6.26,broken clouds
479,Avera,US,33.194,-82.5271,71.11,26,5,12.01,clear sky
480,Angoche,MZ,-16.2325,39.9086,78.13,86,21,9.04,few clouds
481,Hwange,ZW,-18.3693,26.5019,69.3,87,40,1.97,scattered clouds
482,Pangnirtung,CA,66.1451,-65.7125,22.05,82,2,1.36,clear sky
483,Irbil,IQ,36.1926,44.0106,48.87,58,0,3.42,clear sky
484,Gangtok,IN,27.3333,88.6167,58.96,68,98,1.25,overcast clouds
485,Port Hardy,CA,50.6996,-127.4199,44.78,93,100,4.61,overcast clouds
486,Andapa,MG,-14.65,49.65,69.58,99,49,1.14,scattered clouds
487,Nanortalik,GL,60.1432,-45.2371,34.11,78,53,3.85,broken clouds
488,La Ronge,CA,55.1001,-105.2842,21.42,68,100,11.5,light snow
489,Pembroke,CA,45.8168,-77.1162,18.66,56,100,12.06,overcast clouds
490,Kautokeino,NO,69.0125,23.0412,5.0,87,68,5.3,broken clouds
491,Minsk,BY,53.9,27.5667,47.95,69,90,19.48,overcast clouds
492,Alofi,NU,-19.0595,-169.9187,80.92,80,100,15.77,moderate rain
493,Sanok,PL,49.5557,22.2056,51.08,100,6,11.05,clear sky
494,Port Augusta,AU,-32.5,137.7667,65.52,72,0,8.95,clear sky
495,Ravenna,IT,44.4167,11.9833,56.61,88,0,6.33,clear sky
496,Suzaka,JP,36.65,138.3167,42.1,75,100,1.68,overcast clouds
497,Srednekolymsk,RU,67.45,153.6833,-18.29,100,50,3.51,scattered clouds
498,Krasnorechenskiy,RU,44.6265,135.3532,21.52,80,65,2.91,broken clouds
499,Baruun-Urt,MN,46.6806,113.2792,24.19,52,98,15.61,overcast clouds
500,Bagdarin,RU,54.4333,113.6,-2.52,89,3,5.12,clear sky
501,Tual,ID,-5.6667,132.75,82.63,76,100,12.84,overcast clouds
502,Kirakira,SB,-10.4544,161.9205,79.77,86,99,4.83,overcast clouds
503,Forst,DE,51.7333,14.6333,56.89,63,5,6.73,clear sky
504,Jacareacanga,BR,-6.2222,-57.7528,81.48,91,100,2.8,overcast clouds
505,Uberaba,BR,-19.7483,-47.9319,80.87,62,100,5.46,overcast clouds
506,Kasane,BW,-17.8167,25.15,66.63,92,12,5.61,few clouds
507,Lucapa,AO,-8.4192,20.7447,68.76,92,57,1.25,broken clouds
508,Bendigo,AU,-36.7667,144.2833,57.85,56,0,1.99,clear sky
509,Raudeberg,NO,61.9875,5.1352,38.07,78,90,19.48,overcast clouds
510,Polunochnoye,RU,60.8697,60.4153,19.6,98,100,2.91,overcast clouds
511,Sheridan,US,44.8333,-106.9173,75.45,32,0,4.61,clear sky
512,Alakurtti,RU,66.9672,30.3491,17.01,79,26,7.25,scattered clouds
513,Moose Factory,CA,51.2585,-80.6094,13.98,48,0,17.27,clear sky
514,Aksu,CN,41.1231,80.2644,54.28,33,100,8.48,overcast clouds
515,Pimentel,PE,-6.8367,-79.9342,72.99,76,94,10.54,overcast clouds
516,Remontnoye,RU,46.5614,43.6501,33.22,57,11,18.3,few clouds
517,Nyuksenitsa,RU,60.4128,44.2397,16.34,91,100,5.57,overcast clouds
518,Nampula,MZ,-15.1165,39.2666,70.05,99,46,4.03,scattered clouds
519,Kalaleh,IR,37.3807,55.4916,49.28,69,100,5.37,overcast clouds
520,Hinton,CA,53.4001,-117.5857,33.91,93,100,2.73,light snow
521,Paredon,MX,16.0333,-93.8667,88.25,43,100,11.79,overcast clouds
522,Peniche,PT,39.3558,-9.3811,66.29,64,100,10.87,light rain
523,Nipawin,CA,53.3668,-104.0009,27.34,87,100,8.81,overcast clouds
524,College,US,64.8569,-147.8028,33.75,47,75,8.05,broken clouds
525,Maneadero,MX,31.7167,-116.5667,67.1,58,46,8.01,scattered clouds
526,Mizdah,LY,31.4451,12.9801,66.33,41,7,9.91,clear sky
527,Kahului,US,20.8947,-156.47,78.84,66,58,5.01,broken clouds
528,Vuktyl,RU,63.8567,57.3094,12.4,96,98,6.33,overcast clouds
529,Tondano,ID,1.3038,124.9112,69.89,94,77,0.81,light rain
530,Ibatiba,BR,-20.2339,-41.5106,78.3,67,99,4.07,overcast clouds
531,Zawadzkie,PL,50.605,18.4847,58.98,64,3,5.91,clear sky
532,Sampit,ID,-2.5333,112.95,73.67,98,82,0.94,light rain
533,Sai Buri,TH,6.7013,101.6168,79.27,81,5,4.09,clear sky
534,Koslan,RU,63.4564,48.8989,-2.4,100,86,3.44,overcast clouds
535,Cockburn Town,TC,21.4612,-71.1419,80.56,50,20,9.22,few clouds
536,Svetlogorsk,BY,52.6333,29.7333,51.44,57,100,17.83,overcast clouds
537,Irtyshskiy,RU,58.3333,68.1333,32.63,96,100,15.68,overcast clouds
538,Bar Bigha,IN,25.2167,85.7333,77.09,12,5,4.12,clear sky
539,Tyukalinsk,RU,55.8732,72.1967,21.07,96,100,9.06,overcast clouds
540,Loikaw,MM,19.6742,97.2094,71.28,52,93,3.31,overcast clouds
541,Bubaque,GW,11.2833,-15.8333,76.75,74,2,23.24,clear sky
542,Canto Do Buriti,BR,-8.11,-42.9444,79.07,89,100,3.15,overcast clouds
543,Tahe,CN,52.3333,124.7333,17.24,80,8,8.08,clear sky
544,Port Hedland,AU,-20.3167,118.5667,80.65,83,100,6.91,overcast clouds
545,Demmin,DE,53.9076,13.0314,44.98,81,33,12.1,scattered clouds
546,Kartaly,RU,53.0522,60.6467,29.44,89,100,16.71,overcast clouds
547,Maceio,BR,-9.6658,-35.7353,83.64,69,40,13.8,scattered clouds
548,Kibondo,TZ,-3.5864,30.7203,62.65,90,81,1.48,broken clouds
549,Arlit,NE,18.7369,7.3853,83.93,5,70,12.41,broken clouds
550,Rockland,US,41.1668,-74.0496,31.1,37,100,1.01,overcast clouds
551,Chute-Aux-Outardes,CA,49.1168,-68.399,26.58,86,100,14.97,overcast clouds
552,Vasteras,SE,59.6162,16.5528,40.91,38,40,12.66,scattered clouds
553,Arganil,PT,40.2183,-8.054,62.56,59,100,6.67,overcast clouds
554,Kindberg,AT,47.5,15.45,55.44,73,71,3.67,broken clouds
555,Balikpapan,ID,-1.2675,116.8289,75.83,88,34,4.47,scattered clouds
556,Zheleznodorozhnyy,RU,55.7503,38.0042,39.38,97,100,17.83,light snow
557,Teresina,BR,-5.0892,-42.8019,80.31,83,75,6.91,broken clouds
558,Deputatskiy,RU,69.3,139.9,-15.72,96,61,2.53,broken clouds
559,San Jeronimo,PE,-11.9472,-75.2829,57.25,73,100,7.34,overcast clouds
560,Nioro,GM,13.35,-15.75,95.38,13,37,6.33,scattered clouds
561,Havoysund,NO,70.9963,24.6622,30.43,59,100,25.43,light snow
562,Kasama,ZM,-10.2129,31.1808,63.03,97,75,4.41,light rain
563,Mayo,US,38.8876,-76.5119,40.96,48,100,28.99,overcast clouds
564,Muros,ES,42.7762,-9.0603,62.83,64,100,4.45,overcast clouds
565,Tolaga Bay,NZ,-38.3667,178.3,64.27,94,83,8.12,broken clouds
566,Banjar,ID,-8.19,114.9675,77.58,88,56,2.48,broken clouds
567,Tabou,CI,4.423,-7.3528,81.41,83,100,3.85,overcast clouds
568,Arrecife,ES,28.963,-13.5477,66.18,88,75,24.16,broken clouds
569,Adre,TD,13.4667,22.2,75.96,9,18,17.4,few clouds
570,Viedma,AR,-40.8135,-62.9967,81.34,21,7,19.53,clear sky
571,Aksha,RU,50.2814,113.2867,15.4,62,3,5.79,clear sky
572,Kandrian,PG,-6.2167,149.55,77.85,85,100,10.04,overcast clouds
573,Chernyshevskiy,RU,63.0128,112.4714,-5.93,100,100,2.73,overcast clouds
574,Ouadda,CF,8.0777,22.4007,76.98,13,44,5.84,scattered clouds
575,Trairi,BR,-3.2778,-39.2689,75.43,95,100,11.07,overcast clouds
576,Banda Aceh,ID,5.5577,95.3222,80.15,78,8,2.98,clear sky
577,Ucluelet,CA,48.9329,-125.5528,52.11,92,55,1.01,broken clouds
578,Panaba,MX,21.2833,-88.2667,92.55,22,0,14.81,clear sky
579,Burhaniye,TR,39.5004,26.9727,51.71,66,0,3.44,clear sky
580,Husavik,IS,66.0449,-17.3389,28.49,66,73,6.91,broken clouds
581,Manyana,BW,-23.4,21.7167,72.93,43,0,6.76,clear sky
582,Tura,IN,25.5198,90.2201,71.29,51,4,4.61,clear sky
583,Marawi,PH,7.9986,124.2928,67.77,92,95,2.26,overcast clouds
584,Chepareria,KE,1.3077,35.2039,65.44,82,100,3.15,light rain
585,Severnyy,RU,50.677,36.5532,41.04,45,0,15.66,clear sky
586,Lugo,ES,43.0,-7.5,53.47,89,100,1.63,overcast clouds
587,Clermont,FR,49.5,2.4167,60.71,56,100,7.72,overcast clouds
588,Moron,AR,-34.6534,-58.6198,83.01,49,5,10.42,clear sky
589,Ozinki,RU,51.1786,49.6769,11.8,88,42,9.8,scattered clouds
590,Rawah,IQ,34.4816,41.9093,59.09,33,0,6.78,clear sky
591,Touros,BR,-5.1989,-35.4608,83.84,69,100,13.04,overcast clouds
592,Ancud,CL,-41.8697,-73.8203,52.23,76,68,16.46,light rain
593,Yumen,CN,40.2833,97.2,39.94,48,100,1.59,overcast clouds
594,Umba,RU,66.6871,34.3429,15.06,86,67,10.07,broken clouds
595,Bauchi,NG,10.5,10.0,77.43,11,6,4.61,clear sky
596,Sao Miguel Do Araguaia,BR,-13.275,-50.1628,86.41,61,40,3.89,scattered clouds
597,Farah,AF,32.5,62.5,63.59,13,0,4.79,clear sky
598,Venado Tuerto,AR,-33.7456,-61.9688,80.76,34,99,15.59,overcast clouds
599,Gulf Gate Estates,US,27.2517,-82.5147,81.97,68,0,14.97,clear sky
600,Maraa,BR,-1.8333,-65.3667,74.14,99,100,1.86,moderate rain
601,Pitimbu,BR,-7.4706,-34.8086,84.79,71,15,11.5,few clouds
602,Kargopol,RU,61.5071,38.9456,18.73,92,100,8.16,overcast clouds
603,Renfrew,GB,55.872,-4.3925,54.97,56,93,10.36,overcast clouds
604,Russell,US,32.3502,-85.1999,74.48,32,0,5.75,clear sky
605,Newport,GB,51.5877,-2.9984,57.11,75,100,5.35,overcast clouds
606,Port-Cartier,CA,50.0334,-66.8654,32.76,98,100,2.82,light snow
607,Homer,US,59.6425,-151.5483,42.69,66,75,14.0,broken clouds
608,Bonavista,CA,48.6499,-53.1147,37.99,83,10,3.09,clear sky
609,Darnah,LY,32.767,22.6367,64.0,48,93,15.41,overcast clouds
610,Tubuala,PA,9.5167,-79.0333,80.13,84,100,15.84,overcast clouds
611,Grande Prairie,CA,55.1667,-118.8027,34.86,87,100,3.0,overcast clouds
612,Rovaniemi,FI,66.5,25.7167,18.81,62,0,6.91,clear sky
613,Korla,CN,41.7597,86.1469,50.32,35,99,2.59,overcast clouds
614,Komarno,SK,47.7636,18.1226,61.05,59,0,7.25,clear sky
615,Agua Dulce,MX,18.1333,-94.1333,76.78,67,53,7.94,broken clouds
616,Shadrinsk,RU,56.0852,63.6335,29.08,90,84,13.62,broken clouds
617,Altay,CN,47.8667,88.1167,22.82,66,13,7.83,few clouds
618,Santiago De Las Vegas,CU,22.97,-82.3869,82.02,48,40,17.27,scattered clouds
619,Emba,KZ,48.8264,58.1442,24.57,94,100,6.78,overcast clouds
620,Yevpatoriya,UA,45.1972,33.3558,43.39,63,0,15.41,clear sky
621,Hokitika,NZ,-42.7167,170.9667,58.77,87,100,2.46,overcast clouds
622,Wiwili,NI,13.6268,-85.8254,92.34,33,70,11.63,broken clouds
623,Finschhafen,PG,-6.6024,147.8681,79.2,85,100,9.01,heavy intensity rain
624,Tazovskiy,RU,67.4667,78.7,17.38,92,100,14.2,overcast clouds
625,Malindi,KE,-3.2175,40.1191,80.56,81,4,8.5,clear sky
626,Kanniyakumari,IN,8.0833,77.5667,82.08,79,3,9.55,clear sky
627,Kamaishi,JP,39.2667,141.8833,35.67,72,95,6.26,overcast clouds
628,Abu Dhabi,AE,24.4667,54.3667,71.71,64,0,11.5,clear sky
629,Hashtrud,IR,37.4779,47.0508,37.4,50,0,3.22,clear sky
630,Mulanje,MW,-16.0316,35.5,68.2,98,82,6.55,broken clouds
631,Podyuga,RU,61.095,40.8647,18.43,93,100,7.29,overcast clouds
632,Brazzaville,CG,-4.2658,15.2832,80.58,75,100,1.25,moderate rain
633,Bumba,CD,2.1833,22.4667,81.72,47,90,2.3,overcast clouds
634,Dothan,US,31.2232,-85.3905,81.86,41,0,14.97,clear sky
635,Ornskoldsvik,SE,63.2909,18.7153,22.15,86,75,4.61,broken clouds
636,Visnes,NO,59.3556,5.2242,41.05,70,0,18.41,clear sky
637,Lichinga,MZ,-13.3128,35.2406,66.29,100,40,9.22,scattered clouds
638,Saraza,PH,8.7356,117.78,77.94,85,100,5.59,overcast clouds
639,Fazalpur,PK,32.1833,75.0667,71.87,21,0,3.76,clear sky
640,Bhadrachalam,IN,17.6667,80.8833,83.46,62,6,6.11,clear sky
641,Great Yarmouth,GB,52.6083,1.7305,45.07,91,100,7.29,overcast clouds
642,Cordenons,IT,45.9836,12.6949,53.98,79,5,2.17,clear sky
643,Saint-Augustin,CA,51.226,-58.6502,32.79,100,100,6.46,overcast clouds
644,Lokosovo,RU,61.1333,74.8167,28.42,88,100,11.72,overcast clouds
645,Los Llanos De Aridane,ES,28.6585,-17.9182,64.15,89,40,11.5,scattered clouds
646,Labuhan,ID,-6.8844,112.2051,76.51,90,99,7.7,overcast clouds
647,Yasugi,JP,35.4333,133.25,45.64,59,100,7.0,overcast clouds
648,Solnechnyy,RU,50.7214,136.6319,17.76,91,31,5.01,scattered clouds
649,Bati,ET,11.1833,40.0167,67.42,27,0,2.51,clear sky
650,Wad Rawah,SD,15.1603,33.1397,84.61,15,0,9.95,clear sky
651,Leh,IN,34.1667,77.5833,25.65,73,4,2.15,clear sky
652,Sabang,ID,5.8933,95.3214,82.76,73,9,3.98,clear sky
653,Lalsot,IN,26.5667,76.3333,81.86,11,0,3.71,clear sky
654,Tando Muhammad Khan,PK,25.123,68.5358,80.92,49,10,13.29,clear sky
655,San Rafael,AR,-34.6177,-68.3301,86.09,17,0,6.71,clear sky
656,Dryden,CA,49.7833,-92.7503,24.64,67,21,4.14,few clouds
657,Gadwal,IN,16.2333,77.8,86.56,36,7,7.05,clear sky
658,Guilford,US,36.0668,-79.7998,58.95,26,0,14.97,clear sky
659,Villa Carlos Paz,AR,-31.4241,-64.4978,86.05,31,0,15.01,clear sky
660,Nandikotkur,IN,15.8667,78.2667,85.42,48,6,8.08,clear sky
661,Acajutla,SV,13.5928,-89.8275,86.72,53,53,11.21,broken clouds
662,Shu,KZ,43.5983,73.7614,44.71,68,0,4.59,clear sky
663,Gasa,PS,31.5,34.4667,57.65,76,0,13.6,clear sky
664,Turdas,RO,45.85,23.1167,49.84,47,0,1.97,clear sky
665,Luwuk,ID,-0.9516,122.7875,76.71,79,82,2.53,broken clouds
666,Ponta Delgada,PT,37.7333,-25.6667,63.32,72,40,9.22,scattered clouds
667,Gold Coast,AU,-28.0,153.4333,68.23,98,40,8.05,light rain
668,Santo Antonio Da Platina,BR,-23.295,-50.0772,80.38,74,67,3.47,broken clouds
669,Morehead,US,37.2711,-87.1764,49.86,32,0,3.44,clear sky
670,Oktyabrskiy,RU,54.4815,53.471,8.76,97,34,6.73,scattered clouds
671,Palmer,US,42.1584,-72.3287,29.86,36,75,23.02,broken clouds
672,Ricaurte,CO,4.2808,-74.7647,82.78,68,100,4.21,overcast clouds
673,San Andres,CO,12.5847,-81.7006,86.02,70,40,16.11,scattered clouds
674,Sassandra,CI,4.95,-6.0833,81.25,83,100,5.1,overcast clouds
675,Dongli,CN,23.5656,116.8194,59.02,84,100,4.83,overcast clouds
676,Richards Bay,ZA,-28.783,32.0377,74.82,78,0,14.23,clear sky
677,Santiago Del Estero,AR,-27.7951,-64.2615,93.22,27,0,19.26,clear sky
678,Hefei,CN,31.8639,117.2808,51.31,89,0,9.89,clear sky
679,Shimoda,JP,34.6667,138.95,51.1,84,100,13.53,overcast clouds
680,Sile,TR,41.1754,29.6133,56.07,61,100,6.24,overcast clouds
681,Yerbogachen,RU,61.2767,108.0108,-1.21,100,80,3.6,broken clouds
682,Orlik,RU,52.5178,99.825,-0.81,94,43,2.75,scattered clouds
683,Estevan,CA,49.1334,-102.9842,43.14,33,100,16.37,overcast clouds
684,Ukiah,US,39.1502,-123.2078,58.37,79,100,1.01,overcast clouds
685,Chitrakonda,IN,18.1167,82.0833,76.08,63,6,3.4,clear sky
